date,category,risk_score,source
2025-12-14 16:26:28.796511,AI safety,0,hackernews_2025-12-14.csv
2025-12-14 16:26:28.796521,AI regulation,0,hackernews_2025-12-14.csv
2025-12-14 16:26:28.796523,AI bias,0,hackernews_2025-12-14.csv
2025-12-14 16:26:28.796525,AI misuse,0,hackernews_2025-12-14.csv
2025-12-14 16:26:28.796585,AI safety,0,hackernews_2025-12-14.csv
2025-12-14 16:26:28.796589,AI regulation,0,hackernews_2025-12-14.csv
2025-12-14 16:26:28.796591,AI bias,0,hackernews_2025-12-14.csv
2025-12-14 16:26:28.796593,AI misuse,0,hackernews_2025-12-14.csv
2025-12-14 16:26:28.796645,AI safety,0,hackernews_2025-12-14.csv
2025-12-14 16:26:28.796648,AI regulation,0,hackernews_2025-12-14.csv
2025-12-14 16:26:28.796650,AI bias,0,hackernews_2025-12-14.csv
2025-12-14 16:26:28.796652,AI misuse,0,hackernews_2025-12-14.csv
2025-12-14 16:26:28.796703,AI safety,0,hackernews_2025-12-14.csv
2025-12-14 16:26:28.796706,AI regulation,0,hackernews_2025-12-14.csv
2025-12-14 16:26:28.796708,AI bias,0,hackernews_2025-12-14.csv
2025-12-14 16:26:28.796710,AI misuse,0,hackernews_2025-12-14.csv
2025-12-14 16:26:28.796759,AI safety,0,hackernews_2025-12-14.csv
2025-12-14 16:26:28.796762,AI regulation,0,hackernews_2025-12-14.csv
2025-12-14 16:26:28.796764,AI bias,0,hackernews_2025-12-14.csv
2025-12-14 16:26:28.796766,AI misuse,0,hackernews_2025-12-14.csv
2025-12-14 16:26:28.796814,AI safety,0,hackernews_2025-12-14.csv
2025-12-14 16:26:28.796817,AI regulation,0,hackernews_2025-12-14.csv
2025-12-14 16:26:28.796819,AI bias,0,hackernews_2025-12-14.csv
2025-12-14 16:26:28.796821,AI misuse,0,hackernews_2025-12-14.csv
2025-12-14 16:26:28.796868,AI safety,0,hackernews_2025-12-14.csv
2025-12-14 16:26:28.796871,AI regulation,0,hackernews_2025-12-14.csv
2025-12-14 16:26:28.796873,AI bias,0,hackernews_2025-12-14.csv
2025-12-14 16:26:28.796874,AI misuse,0,hackernews_2025-12-14.csv
2025-12-14 16:26:28.796927,AI safety,0,hackernews_2025-12-14.csv
2025-12-14 16:26:28.796930,AI regulation,0,hackernews_2025-12-14.csv
2025-12-14 16:26:28.796932,AI bias,0,hackernews_2025-12-14.csv
2025-12-14 16:26:28.796934,AI misuse,0,hackernews_2025-12-14.csv
2025-12-14 16:26:28.796986,AI safety,0,hackernews_2025-12-14.csv
2025-12-14 16:26:28.796989,AI regulation,0,hackernews_2025-12-14.csv
2025-12-14 16:26:28.796991,AI bias,0,hackernews_2025-12-14.csv
2025-12-14 16:26:28.796993,AI misuse,0,hackernews_2025-12-14.csv
2025-12-14 16:26:28.797042,AI safety,0,hackernews_2025-12-14.csv
2025-12-14 16:26:28.797045,AI regulation,0,hackernews_2025-12-14.csv
2025-12-14 16:26:28.797046,AI bias,0,hackernews_2025-12-14.csv
2025-12-14 16:26:28.797048,AI misuse,0,hackernews_2025-12-14.csv
2025-12-14 16:26:28.797095,AI safety,0,hackernews_2025-12-14.csv
2025-12-14 16:26:28.797101,AI regulation,0,hackernews_2025-12-14.csv
2025-12-14 16:26:28.797103,AI bias,0,hackernews_2025-12-14.csv
2025-12-14 16:26:28.797105,AI misuse,0,hackernews_2025-12-14.csv
2025-12-14 16:26:28.797170,AI safety,0,hackernews_2025-12-14.csv
2025-12-14 16:26:28.797174,AI regulation,0,hackernews_2025-12-14.csv
2025-12-14 16:26:28.797176,AI bias,0,hackernews_2025-12-14.csv
2025-12-14 16:26:28.797177,AI misuse,0,hackernews_2025-12-14.csv
2025-12-14 16:26:28.798229,AI safety,0,google_trends_2025-12-14.csv
2025-12-14 16:26:28.798234,AI regulation,0,google_trends_2025-12-14.csv
2025-12-14 16:26:28.798236,AI bias,0,google_trends_2025-12-14.csv
2025-12-14 16:26:28.798238,AI misuse,0,google_trends_2025-12-14.csv
2025-12-14 16:26:28.798295,AI safety,0,google_trends_2025-12-14.csv
2025-12-14 16:26:28.798298,AI regulation,0,google_trends_2025-12-14.csv
2025-12-14 16:26:28.798300,AI bias,0,google_trends_2025-12-14.csv
2025-12-14 16:26:28.798302,AI misuse,0,google_trends_2025-12-14.csv
2025-12-14 16:26:28.798352,AI safety,0,google_trends_2025-12-14.csv
2025-12-14 16:26:28.798354,AI regulation,0,google_trends_2025-12-14.csv
2025-12-14 16:26:28.798356,AI bias,0,google_trends_2025-12-14.csv
2025-12-14 16:26:28.798358,AI misuse,0,google_trends_2025-12-14.csv
2025-12-14 16:26:28.798405,AI safety,0,google_trends_2025-12-14.csv
2025-12-14 16:26:28.798408,AI regulation,0,google_trends_2025-12-14.csv
2025-12-14 16:26:28.798409,AI bias,0,google_trends_2025-12-14.csv
2025-12-14 16:26:28.798411,AI misuse,0,google_trends_2025-12-14.csv
2025-12-14 16:26:28.798457,AI safety,0,google_trends_2025-12-14.csv
2025-12-14 16:26:28.798461,AI regulation,0,google_trends_2025-12-14.csv
2025-12-14 16:26:28.798462,AI bias,0,google_trends_2025-12-14.csv
2025-12-14 16:26:28.798464,AI misuse,0,google_trends_2025-12-14.csv
2025-12-14 16:26:28.798511,AI safety,0,google_trends_2025-12-14.csv
2025-12-14 16:26:28.798513,AI regulation,0,google_trends_2025-12-14.csv
2025-12-14 16:26:28.798515,AI bias,0,google_trends_2025-12-14.csv
2025-12-14 16:26:28.798517,AI misuse,0,google_trends_2025-12-14.csv
2025-12-14 16:26:28.798563,AI safety,0,google_trends_2025-12-14.csv
2025-12-14 16:26:28.798566,AI regulation,0,google_trends_2025-12-14.csv
2025-12-14 16:26:28.798567,AI bias,0,google_trends_2025-12-14.csv
2025-12-14 16:26:28.798569,AI misuse,0,google_trends_2025-12-14.csv
2025-12-14 16:26:28.798615,AI safety,0,google_trends_2025-12-14.csv
2025-12-14 16:26:28.798618,AI regulation,0,google_trends_2025-12-14.csv
2025-12-14 16:26:28.798620,AI bias,0,google_trends_2025-12-14.csv
2025-12-14 16:26:28.798621,AI misuse,0,google_trends_2025-12-14.csv
2025-12-14 16:26:28.798673,AI safety,0,google_trends_2025-12-14.csv
2025-12-14 16:26:28.798676,AI regulation,0,google_trends_2025-12-14.csv
2025-12-14 16:26:28.798677,AI bias,0,google_trends_2025-12-14.csv
2025-12-14 16:26:28.798679,AI misuse,0,google_trends_2025-12-14.csv
2025-12-14 16:26:28.798729,AI safety,0,google_trends_2025-12-14.csv
2025-12-14 16:26:28.798732,AI regulation,0,google_trends_2025-12-14.csv
2025-12-14 16:26:28.798733,AI bias,0,google_trends_2025-12-14.csv
2025-12-14 16:26:28.798735,AI misuse,0,google_trends_2025-12-14.csv
2025-12-14 16:26:28.798782,AI safety,0,google_trends_2025-12-14.csv
2025-12-14 16:26:28.798784,AI regulation,0,google_trends_2025-12-14.csv
2025-12-14 16:26:28.798786,AI bias,0,google_trends_2025-12-14.csv
2025-12-14 16:26:28.798788,AI misuse,0,google_trends_2025-12-14.csv
2025-12-14 16:26:28.798833,AI safety,0,google_trends_2025-12-14.csv
2025-12-14 16:26:28.798836,AI regulation,0,google_trends_2025-12-14.csv
2025-12-14 16:26:28.798838,AI bias,0,google_trends_2025-12-14.csv
2025-12-14 16:26:28.798839,AI misuse,0,google_trends_2025-12-14.csv
2025-12-14 16:26:28.798885,AI safety,0,google_trends_2025-12-14.csv
2025-12-14 16:26:28.798887,AI regulation,0,google_trends_2025-12-14.csv
2025-12-14 16:26:28.798889,AI bias,0,google_trends_2025-12-14.csv
2025-12-14 16:26:28.798890,AI misuse,0,google_trends_2025-12-14.csv
2025-12-14 16:26:28.798935,AI safety,0,google_trends_2025-12-14.csv
2025-12-14 16:26:28.798938,AI regulation,0,google_trends_2025-12-14.csv
2025-12-14 16:26:28.798939,AI bias,0,google_trends_2025-12-14.csv
2025-12-14 16:26:28.798944,AI misuse,0,google_trends_2025-12-14.csv
2025-12-14 16:26:28.798991,AI safety,0,google_trends_2025-12-14.csv
2025-12-14 16:26:28.798994,AI regulation,0,google_trends_2025-12-14.csv
2025-12-14 16:26:28.798996,AI bias,0,google_trends_2025-12-14.csv
2025-12-14 16:26:28.798997,AI misuse,0,google_trends_2025-12-14.csv
2025-12-14 16:26:28.799046,AI safety,0,google_trends_2025-12-14.csv
2025-12-14 16:26:28.799049,AI regulation,0,google_trends_2025-12-14.csv
2025-12-14 16:26:28.799051,AI bias,0,google_trends_2025-12-14.csv
2025-12-14 16:26:28.799052,AI misuse,0,google_trends_2025-12-14.csv
2025-12-14 16:26:28.799099,AI safety,0,google_trends_2025-12-14.csv
2025-12-14 16:26:28.799102,AI regulation,0,google_trends_2025-12-14.csv
2025-12-14 16:26:28.799103,AI bias,0,google_trends_2025-12-14.csv
2025-12-14 16:26:28.799105,AI misuse,0,google_trends_2025-12-14.csv
2025-12-14 16:26:28.799164,AI safety,0,google_trends_2025-12-14.csv
2025-12-14 16:26:28.799167,AI regulation,0,google_trends_2025-12-14.csv
2025-12-14 16:26:28.799169,AI bias,0,google_trends_2025-12-14.csv
2025-12-14 16:26:28.799171,AI misuse,0,google_trends_2025-12-14.csv
2025-12-14 16:26:28.799219,AI safety,0,google_trends_2025-12-14.csv
2025-12-14 16:26:28.799222,AI regulation,0,google_trends_2025-12-14.csv
2025-12-14 16:26:28.799224,AI bias,0,google_trends_2025-12-14.csv
2025-12-14 16:26:28.799225,AI misuse,0,google_trends_2025-12-14.csv
2025-12-14 16:26:28.799276,AI safety,0,google_trends_2025-12-14.csv
2025-12-14 16:26:28.799278,AI regulation,0,google_trends_2025-12-14.csv
2025-12-14 16:26:28.799281,AI bias,0,google_trends_2025-12-14.csv
2025-12-14 16:26:28.799282,AI misuse,0,google_trends_2025-12-14.csv
2025-12-14 16:26:28.799327,AI safety,0,google_trends_2025-12-14.csv
2025-12-14 16:26:28.799330,AI regulation,0,google_trends_2025-12-14.csv
2025-12-14 16:26:28.799331,AI bias,0,google_trends_2025-12-14.csv
2025-12-14 16:26:28.799333,AI misuse,0,google_trends_2025-12-14.csv
2025-12-14 16:26:28.799377,AI safety,0,google_trends_2025-12-14.csv
2025-12-14 16:26:28.799380,AI regulation,0,google_trends_2025-12-14.csv
2025-12-14 16:26:28.799381,AI bias,0,google_trends_2025-12-14.csv
2025-12-14 16:26:28.799383,AI misuse,0,google_trends_2025-12-14.csv
2025-12-14 16:26:28.799431,AI safety,0,google_trends_2025-12-14.csv
2025-12-14 16:26:28.799433,AI regulation,0,google_trends_2025-12-14.csv
2025-12-14 16:26:28.799435,AI bias,0,google_trends_2025-12-14.csv
2025-12-14 16:26:28.799437,AI misuse,0,google_trends_2025-12-14.csv
2025-12-14 16:26:28.799486,AI safety,0,google_trends_2025-12-14.csv
2025-12-14 16:26:28.799489,AI regulation,0,google_trends_2025-12-14.csv
2025-12-14 16:26:28.799491,AI bias,0,google_trends_2025-12-14.csv
2025-12-14 16:26:28.799492,AI misuse,0,google_trends_2025-12-14.csv
2025-12-14 16:26:28.799539,AI safety,0,google_trends_2025-12-14.csv
2025-12-14 16:26:28.799541,AI regulation,0,google_trends_2025-12-14.csv
2025-12-14 16:26:28.799543,AI bias,0,google_trends_2025-12-14.csv
2025-12-14 16:26:28.799545,AI misuse,0,google_trends_2025-12-14.csv
2025-12-14 16:26:28.799594,AI safety,0,google_trends_2025-12-14.csv
2025-12-14 16:26:28.799598,AI regulation,0,google_trends_2025-12-14.csv
2025-12-14 16:26:28.799599,AI bias,0,google_trends_2025-12-14.csv
2025-12-14 16:26:28.799601,AI misuse,0,google_trends_2025-12-14.csv
2025-12-14 16:26:28.799646,AI safety,0,google_trends_2025-12-14.csv
2025-12-14 16:26:28.799648,AI regulation,0,google_trends_2025-12-14.csv
2025-12-14 16:26:28.799650,AI bias,0,google_trends_2025-12-14.csv
2025-12-14 16:26:28.799652,AI misuse,0,google_trends_2025-12-14.csv
2025-12-14 16:26:28.799696,AI safety,0,google_trends_2025-12-14.csv
2025-12-14 16:26:28.799698,AI regulation,0,google_trends_2025-12-14.csv
2025-12-14 16:26:28.799700,AI bias,0,google_trends_2025-12-14.csv
2025-12-14 16:26:28.799701,AI misuse,0,google_trends_2025-12-14.csv
2025-12-14 16:26:28.799745,AI safety,0,google_trends_2025-12-14.csv
2025-12-14 16:26:28.799748,AI regulation,0,google_trends_2025-12-14.csv
2025-12-14 16:26:28.799749,AI bias,0,google_trends_2025-12-14.csv
2025-12-14 16:26:28.799751,AI misuse,0,google_trends_2025-12-14.csv
2025-12-14 16:26:28.799795,AI safety,0,google_trends_2025-12-14.csv
2025-12-14 16:26:28.799797,AI regulation,0,google_trends_2025-12-14.csv
2025-12-14 16:26:28.799799,AI bias,0,google_trends_2025-12-14.csv
2025-12-14 16:26:28.799800,AI misuse,0,google_trends_2025-12-14.csv
2025-12-14 16:26:28.799844,AI safety,0,google_trends_2025-12-14.csv
2025-12-14 16:26:28.799847,AI regulation,0,google_trends_2025-12-14.csv
2025-12-14 16:26:28.799848,AI bias,0,google_trends_2025-12-14.csv
2025-12-14 16:26:28.799850,AI misuse,0,google_trends_2025-12-14.csv
2025-12-14 16:26:28.799900,AI safety,0,google_trends_2025-12-14.csv
2025-12-14 16:26:28.799902,AI regulation,0,google_trends_2025-12-14.csv
2025-12-14 16:26:28.799904,AI bias,0,google_trends_2025-12-14.csv
2025-12-14 16:26:28.799906,AI misuse,0,google_trends_2025-12-14.csv
2025-12-14 16:26:28.799950,AI safety,0,google_trends_2025-12-14.csv
2025-12-14 16:26:28.799952,AI regulation,0,google_trends_2025-12-14.csv
2025-12-14 16:26:28.799954,AI bias,0,google_trends_2025-12-14.csv
2025-12-14 16:26:28.799956,AI misuse,0,google_trends_2025-12-14.csv
2025-12-14 16:26:28.800000,AI safety,0,google_trends_2025-12-14.csv
2025-12-14 16:26:28.800002,AI regulation,0,google_trends_2025-12-14.csv
2025-12-14 16:26:28.800004,AI bias,0,google_trends_2025-12-14.csv
2025-12-14 16:26:28.800006,AI misuse,0,google_trends_2025-12-14.csv
2025-12-14 16:26:28.800049,AI safety,0,google_trends_2025-12-14.csv
2025-12-14 16:26:28.800052,AI regulation,0,google_trends_2025-12-14.csv
2025-12-14 16:26:28.800054,AI bias,0,google_trends_2025-12-14.csv
2025-12-14 16:26:28.800055,AI misuse,0,google_trends_2025-12-14.csv
2025-12-14 16:26:28.800104,AI safety,0,google_trends_2025-12-14.csv
2025-12-14 16:26:28.800107,AI regulation,0,google_trends_2025-12-14.csv
2025-12-14 16:26:28.800109,AI bias,0,google_trends_2025-12-14.csv
2025-12-14 16:26:28.800110,AI misuse,0,google_trends_2025-12-14.csv
2025-12-14 16:26:28.800171,AI safety,0,google_trends_2025-12-14.csv
2025-12-14 16:26:28.800174,AI regulation,0,google_trends_2025-12-14.csv
2025-12-14 16:26:28.800176,AI bias,0,google_trends_2025-12-14.csv
2025-12-14 16:26:28.800181,AI misuse,0,google_trends_2025-12-14.csv
2025-12-14 16:26:28.800234,AI safety,0,google_trends_2025-12-14.csv
2025-12-14 16:26:28.800237,AI regulation,0,google_trends_2025-12-14.csv
2025-12-14 16:26:28.800239,AI bias,0,google_trends_2025-12-14.csv
2025-12-14 16:26:28.800240,AI misuse,0,google_trends_2025-12-14.csv
2025-12-14 16:26:28.800287,AI safety,0,google_trends_2025-12-14.csv
2025-12-14 16:26:28.800290,AI regulation,0,google_trends_2025-12-14.csv
2025-12-14 16:26:28.800291,AI bias,0,google_trends_2025-12-14.csv
2025-12-14 16:26:28.800293,AI misuse,0,google_trends_2025-12-14.csv
2025-12-14 16:26:28.800342,AI safety,0,google_trends_2025-12-14.csv
2025-12-14 16:26:28.800345,AI regulation,0,google_trends_2025-12-14.csv
2025-12-14 16:26:28.800347,AI bias,0,google_trends_2025-12-14.csv
2025-12-14 16:26:28.800348,AI misuse,0,google_trends_2025-12-14.csv
2025-12-14 16:26:28.800395,AI safety,0,google_trends_2025-12-14.csv
2025-12-14 16:26:28.800397,AI regulation,0,google_trends_2025-12-14.csv
2025-12-14 16:26:28.800399,AI bias,0,google_trends_2025-12-14.csv
2025-12-14 16:26:28.800401,AI misuse,0,google_trends_2025-12-14.csv
2025-12-14 16:26:28.800451,AI safety,0,google_trends_2025-12-14.csv
2025-12-14 16:26:28.800454,AI regulation,0,google_trends_2025-12-14.csv
2025-12-14 16:26:28.800456,AI bias,0,google_trends_2025-12-14.csv
2025-12-14 16:26:28.800458,AI misuse,0,google_trends_2025-12-14.csv
2025-12-14 16:26:28.800508,AI safety,0,google_trends_2025-12-14.csv
2025-12-14 16:26:28.800511,AI regulation,0,google_trends_2025-12-14.csv
2025-12-14 16:26:28.800512,AI bias,0,google_trends_2025-12-14.csv
2025-12-14 16:26:28.800514,AI misuse,0,google_trends_2025-12-14.csv
2025-12-14 16:26:28.800559,AI safety,0,google_trends_2025-12-14.csv
2025-12-14 16:26:28.800561,AI regulation,0,google_trends_2025-12-14.csv
2025-12-14 16:26:28.800563,AI bias,0,google_trends_2025-12-14.csv
2025-12-14 16:26:28.800564,AI misuse,0,google_trends_2025-12-14.csv
2025-12-14 16:26:28.800609,AI safety,0,google_trends_2025-12-14.csv
2025-12-14 16:26:28.800612,AI regulation,0,google_trends_2025-12-14.csv
2025-12-14 16:26:28.800614,AI bias,0,google_trends_2025-12-14.csv
2025-12-14 16:26:28.800615,AI misuse,0,google_trends_2025-12-14.csv
2025-12-14 16:26:28.800660,AI safety,0,google_trends_2025-12-14.csv
2025-12-14 16:26:28.800662,AI regulation,0,google_trends_2025-12-14.csv
2025-12-14 16:26:28.800664,AI bias,0,google_trends_2025-12-14.csv
2025-12-14 16:26:28.800665,AI misuse,0,google_trends_2025-12-14.csv
2025-12-14 16:26:28.800709,AI safety,0,google_trends_2025-12-14.csv
2025-12-14 16:26:28.800712,AI regulation,0,google_trends_2025-12-14.csv
2025-12-14 16:26:28.800713,AI bias,0,google_trends_2025-12-14.csv
2025-12-14 16:26:28.800715,AI misuse,0,google_trends_2025-12-14.csv
2025-12-14 16:26:28.800758,AI safety,0,google_trends_2025-12-14.csv
2025-12-14 16:26:28.800761,AI regulation,0,google_trends_2025-12-14.csv
2025-12-14 16:26:28.800766,AI bias,0,google_trends_2025-12-14.csv
2025-12-14 16:26:28.800768,AI misuse,0,google_trends_2025-12-14.csv
2025-12-14 16:26:28.800816,AI safety,0,google_trends_2025-12-14.csv
2025-12-14 16:26:28.800818,AI regulation,0,google_trends_2025-12-14.csv
2025-12-14 16:26:28.800820,AI bias,0,google_trends_2025-12-14.csv
2025-12-14 16:26:28.800821,AI misuse,0,google_trends_2025-12-14.csv
2025-12-14 16:26:28.800865,AI safety,0,google_trends_2025-12-14.csv
2025-12-14 16:26:28.800868,AI regulation,0,google_trends_2025-12-14.csv
2025-12-14 16:26:28.800870,AI bias,0,google_trends_2025-12-14.csv
2025-12-14 16:26:28.800871,AI misuse,0,google_trends_2025-12-14.csv
2025-12-14 16:26:28.800915,AI safety,0,google_trends_2025-12-14.csv
2025-12-14 16:26:28.800917,AI regulation,0,google_trends_2025-12-14.csv
2025-12-14 16:26:28.800919,AI bias,0,google_trends_2025-12-14.csv
2025-12-14 16:26:28.800920,AI misuse,0,google_trends_2025-12-14.csv
2025-12-14 16:26:28.800964,AI safety,0,google_trends_2025-12-14.csv
2025-12-14 16:26:28.800966,AI regulation,0,google_trends_2025-12-14.csv
2025-12-14 16:26:28.800968,AI bias,0,google_trends_2025-12-14.csv
2025-12-14 16:26:28.800969,AI misuse,0,google_trends_2025-12-14.csv
2025-12-14 16:26:28.801012,AI safety,0,google_trends_2025-12-14.csv
2025-12-14 16:26:28.801015,AI regulation,0,google_trends_2025-12-14.csv
2025-12-14 16:26:28.801016,AI bias,0,google_trends_2025-12-14.csv
2025-12-14 16:26:28.801018,AI misuse,0,google_trends_2025-12-14.csv
2025-12-14 16:26:28.801061,AI safety,0,google_trends_2025-12-14.csv
2025-12-14 16:26:28.801063,AI regulation,0,google_trends_2025-12-14.csv
2025-12-14 16:26:28.801065,AI bias,0,google_trends_2025-12-14.csv
2025-12-14 16:26:28.801066,AI misuse,0,google_trends_2025-12-14.csv
2025-12-14 16:26:28.801118,AI safety,0,google_trends_2025-12-14.csv
2025-12-14 16:26:28.801121,AI regulation,0,google_trends_2025-12-14.csv
2025-12-14 16:26:28.801123,AI bias,0,google_trends_2025-12-14.csv
2025-12-14 16:26:28.801124,AI misuse,0,google_trends_2025-12-14.csv
2025-12-14 16:26:28.801189,AI safety,0,google_trends_2025-12-14.csv
2025-12-14 16:26:28.801193,AI regulation,0,google_trends_2025-12-14.csv
2025-12-14 16:26:28.801194,AI bias,0,google_trends_2025-12-14.csv
2025-12-14 16:26:28.801196,AI misuse,0,google_trends_2025-12-14.csv
2025-12-14 16:26:28.801244,AI safety,0,google_trends_2025-12-14.csv
2025-12-14 16:26:28.801246,AI regulation,0,google_trends_2025-12-14.csv
2025-12-14 16:26:28.801248,AI bias,0,google_trends_2025-12-14.csv
2025-12-14 16:26:28.801249,AI misuse,0,google_trends_2025-12-14.csv
2025-12-14 16:26:28.801294,AI safety,0,google_trends_2025-12-14.csv
2025-12-14 16:26:28.801296,AI regulation,0,google_trends_2025-12-14.csv
2025-12-14 16:26:28.801298,AI bias,0,google_trends_2025-12-14.csv
2025-12-14 16:26:28.801300,AI misuse,0,google_trends_2025-12-14.csv
2025-12-14 16:26:28.801347,AI safety,0,google_trends_2025-12-14.csv
2025-12-14 16:26:28.801350,AI regulation,0,google_trends_2025-12-14.csv
2025-12-14 16:26:28.801351,AI bias,0,google_trends_2025-12-14.csv
2025-12-14 16:26:28.801353,AI misuse,0,google_trends_2025-12-14.csv
2025-12-14 16:26:28.801398,AI safety,0,google_trends_2025-12-14.csv
2025-12-14 16:26:28.801400,AI regulation,0,google_trends_2025-12-14.csv
2025-12-14 16:26:28.801402,AI bias,0,google_trends_2025-12-14.csv
2025-12-14 16:26:28.801407,AI misuse,0,google_trends_2025-12-14.csv
2025-12-14 16:26:28.801456,AI safety,0,google_trends_2025-12-14.csv
2025-12-14 16:26:28.801458,AI regulation,0,google_trends_2025-12-14.csv
2025-12-14 16:26:28.801460,AI bias,0,google_trends_2025-12-14.csv
2025-12-14 16:26:28.801462,AI misuse,0,google_trends_2025-12-14.csv
2025-12-14 16:26:28.801507,AI safety,0,google_trends_2025-12-14.csv
2025-12-14 16:26:28.801509,AI regulation,0,google_trends_2025-12-14.csv
2025-12-14 16:26:28.801511,AI bias,0,google_trends_2025-12-14.csv
2025-12-14 16:26:28.801512,AI misuse,0,google_trends_2025-12-14.csv
2025-12-14 16:26:28.801556,AI safety,0,google_trends_2025-12-14.csv
2025-12-14 16:26:28.801558,AI regulation,0,google_trends_2025-12-14.csv
2025-12-14 16:26:28.801560,AI bias,0,google_trends_2025-12-14.csv
2025-12-14 16:26:28.801562,AI misuse,0,google_trends_2025-12-14.csv
2025-12-14 16:26:28.801604,AI safety,0,google_trends_2025-12-14.csv
2025-12-14 16:26:28.801607,AI regulation,0,google_trends_2025-12-14.csv
2025-12-14 16:26:28.801609,AI bias,0,google_trends_2025-12-14.csv
2025-12-14 16:26:28.801610,AI misuse,0,google_trends_2025-12-14.csv
2025-12-14 16:26:28.801653,AI safety,0,google_trends_2025-12-14.csv
2025-12-14 16:26:28.801656,AI regulation,0,google_trends_2025-12-14.csv
2025-12-14 16:26:28.801657,AI bias,0,google_trends_2025-12-14.csv
2025-12-14 16:26:28.801659,AI misuse,0,google_trends_2025-12-14.csv
2025-12-14 16:26:28.801707,AI safety,0,google_trends_2025-12-14.csv
2025-12-14 16:26:28.801710,AI regulation,0,google_trends_2025-12-14.csv
2025-12-14 16:26:28.801712,AI bias,0,google_trends_2025-12-14.csv
2025-12-14 16:26:28.801713,AI misuse,0,google_trends_2025-12-14.csv
2025-12-14 16:26:28.801758,AI safety,0,google_trends_2025-12-14.csv
2025-12-14 16:26:28.801760,AI regulation,0,google_trends_2025-12-14.csv
2025-12-14 16:26:28.801762,AI bias,0,google_trends_2025-12-14.csv
2025-12-14 16:26:28.801763,AI misuse,0,google_trends_2025-12-14.csv
2025-12-14 16:26:28.801807,AI safety,0,google_trends_2025-12-14.csv
2025-12-14 16:26:28.801810,AI regulation,0,google_trends_2025-12-14.csv
2025-12-14 16:26:28.801811,AI bias,0,google_trends_2025-12-14.csv
2025-12-14 16:26:28.801813,AI misuse,0,google_trends_2025-12-14.csv
2025-12-14 16:26:28.801856,AI safety,0,google_trends_2025-12-14.csv
2025-12-14 16:26:28.801858,AI regulation,0,google_trends_2025-12-14.csv
2025-12-14 16:26:28.801860,AI bias,0,google_trends_2025-12-14.csv
2025-12-14 16:26:28.801861,AI misuse,0,google_trends_2025-12-14.csv
2025-12-14 16:26:28.801905,AI safety,0,google_trends_2025-12-14.csv
2025-12-14 16:26:28.801907,AI regulation,0,google_trends_2025-12-14.csv
2025-12-14 16:26:28.801909,AI bias,0,google_trends_2025-12-14.csv
2025-12-14 16:26:28.801910,AI misuse,0,google_trends_2025-12-14.csv
2025-12-14 16:26:28.801955,AI safety,0,google_trends_2025-12-14.csv
2025-12-14 16:26:28.801958,AI regulation,0,google_trends_2025-12-14.csv
2025-12-14 16:26:28.801960,AI bias,0,google_trends_2025-12-14.csv
2025-12-14 16:26:28.801961,AI misuse,0,google_trends_2025-12-14.csv
2025-12-14 16:26:28.802014,AI safety,0,google_trends_2025-12-14.csv
2025-12-14 16:26:28.802017,AI regulation,0,google_trends_2025-12-14.csv
2025-12-14 16:26:28.802018,AI bias,0,google_trends_2025-12-14.csv
2025-12-14 16:26:28.802020,AI misuse,0,google_trends_2025-12-14.csv
2025-12-14 16:26:28.802065,AI safety,0,google_trends_2025-12-14.csv
2025-12-14 16:26:28.802068,AI regulation,0,google_trends_2025-12-14.csv
2025-12-14 16:26:28.802069,AI bias,0,google_trends_2025-12-14.csv
2025-12-14 16:26:28.802071,AI misuse,0,google_trends_2025-12-14.csv
2025-12-14 16:26:28.802119,AI safety,0,google_trends_2025-12-14.csv
2025-12-14 16:26:28.802122,AI regulation,0,google_trends_2025-12-14.csv
2025-12-14 16:26:28.802124,AI bias,0,google_trends_2025-12-14.csv
2025-12-14 16:26:28.802125,AI misuse,0,google_trends_2025-12-14.csv
2025-12-14 16:26:28.802193,AI safety,0,google_trends_2025-12-14.csv
2025-12-14 16:26:28.802196,AI regulation,0,google_trends_2025-12-14.csv
2025-12-14 16:26:28.802198,AI bias,0,google_trends_2025-12-14.csv
2025-12-14 16:26:28.802200,AI misuse,0,google_trends_2025-12-14.csv
2025-12-14 16:26:28.802248,AI safety,0,google_trends_2025-12-14.csv
2025-12-14 16:26:28.802250,AI regulation,0,google_trends_2025-12-14.csv
2025-12-14 16:26:28.802252,AI bias,0,google_trends_2025-12-14.csv
2025-12-14 16:26:28.802253,AI misuse,0,google_trends_2025-12-14.csv
2025-12-14 16:26:28.802298,AI safety,0,google_trends_2025-12-14.csv
2025-12-14 16:26:28.802301,AI regulation,0,google_trends_2025-12-14.csv
2025-12-14 16:26:28.802303,AI bias,0,google_trends_2025-12-14.csv
2025-12-14 16:26:28.802305,AI misuse,0,google_trends_2025-12-14.csv
2025-12-14 16:26:28.802355,AI safety,0,google_trends_2025-12-14.csv
2025-12-14 16:26:28.802358,AI regulation,0,google_trends_2025-12-14.csv
2025-12-14 16:26:28.802359,AI bias,0,google_trends_2025-12-14.csv
2025-12-14 16:26:28.802361,AI misuse,0,google_trends_2025-12-14.csv
2025-12-14 16:26:28.802405,AI safety,0,google_trends_2025-12-14.csv
2025-12-14 16:26:28.802407,AI regulation,0,google_trends_2025-12-14.csv
2025-12-14 16:26:28.802409,AI bias,0,google_trends_2025-12-14.csv
2025-12-14 16:26:28.802411,AI misuse,0,google_trends_2025-12-14.csv
2025-12-14 16:26:28.802467,AI safety,0,google_trends_2025-12-14.csv
2025-12-14 16:26:28.802469,AI regulation,0,google_trends_2025-12-14.csv
2025-12-14 16:26:28.802471,AI bias,0,google_trends_2025-12-14.csv
2025-12-14 16:26:28.802472,AI misuse,0,google_trends_2025-12-14.csv
2025-12-14 16:26:28.802517,AI safety,0,google_trends_2025-12-14.csv
2025-12-14 16:26:28.802519,AI regulation,0,google_trends_2025-12-14.csv
2025-12-14 16:26:28.802521,AI bias,0,google_trends_2025-12-14.csv
2025-12-14 16:26:28.802522,AI misuse,0,google_trends_2025-12-14.csv
2025-12-14 16:26:28.802565,AI safety,0,google_trends_2025-12-14.csv
2025-12-14 16:26:28.802568,AI regulation,0,google_trends_2025-12-14.csv
2025-12-14 16:26:28.802569,AI bias,0,google_trends_2025-12-14.csv
2025-12-14 16:26:28.802571,AI misuse,0,google_trends_2025-12-14.csv
2025-12-14 16:26:28.802614,AI safety,0,google_trends_2025-12-14.csv
2025-12-14 16:26:28.802616,AI regulation,0,google_trends_2025-12-14.csv
2025-12-14 16:26:28.802618,AI bias,0,google_trends_2025-12-14.csv
2025-12-14 16:26:28.802622,AI misuse,0,google_trends_2025-12-14.csv
2025-12-14 16:26:28.802668,AI safety,0,google_trends_2025-12-14.csv
2025-12-14 16:26:28.802670,AI regulation,0,google_trends_2025-12-14.csv
2025-12-14 16:26:28.802672,AI bias,0,google_trends_2025-12-14.csv
2025-12-14 16:26:28.802673,AI misuse,0,google_trends_2025-12-14.csv
2025-12-14 16:26:28.802719,AI safety,0,google_trends_2025-12-14.csv
2025-12-14 16:26:28.802721,AI regulation,0,google_trends_2025-12-14.csv
2025-12-14 16:26:28.802723,AI bias,0,google_trends_2025-12-14.csv
2025-12-14 16:26:28.802725,AI misuse,0,google_trends_2025-12-14.csv
2025-12-14 16:26:28.802769,AI safety,0,google_trends_2025-12-14.csv
2025-12-14 16:26:28.802771,AI regulation,0,google_trends_2025-12-14.csv
2025-12-14 16:26:28.802773,AI bias,0,google_trends_2025-12-14.csv
2025-12-14 16:26:28.802775,AI misuse,0,google_trends_2025-12-14.csv
2025-12-14 16:26:28.802823,AI safety,0,google_trends_2025-12-14.csv
2025-12-14 16:26:28.802826,AI regulation,0,google_trends_2025-12-14.csv
2025-12-14 16:26:28.802827,AI bias,0,google_trends_2025-12-14.csv
2025-12-14 16:26:28.802829,AI misuse,0,google_trends_2025-12-14.csv
2025-12-14 16:26:28.802878,AI safety,0,google_trends_2025-12-14.csv
2025-12-14 16:26:28.802880,AI regulation,0,google_trends_2025-12-14.csv
2025-12-14 16:26:28.802882,AI bias,0,google_trends_2025-12-14.csv
2025-12-14 16:26:28.802884,AI misuse,0,google_trends_2025-12-14.csv
2025-12-14 16:26:28.802932,AI safety,0,google_trends_2025-12-14.csv
2025-12-14 16:26:28.802935,AI regulation,0,google_trends_2025-12-14.csv
2025-12-14 16:26:28.802936,AI bias,0,google_trends_2025-12-14.csv
2025-12-14 16:26:28.802938,AI misuse,0,google_trends_2025-12-14.csv
2025-12-14 16:26:28.802982,AI safety,0,google_trends_2025-12-14.csv
2025-12-14 16:26:28.802985,AI regulation,0,google_trends_2025-12-14.csv
2025-12-14 16:26:28.802986,AI bias,0,google_trends_2025-12-14.csv
2025-12-14 16:26:28.802988,AI misuse,0,google_trends_2025-12-14.csv
2025-12-14 16:26:28.803032,AI safety,0,google_trends_2025-12-14.csv
2025-12-14 16:26:28.803034,AI regulation,0,google_trends_2025-12-14.csv
2025-12-14 16:26:28.803036,AI bias,0,google_trends_2025-12-14.csv
2025-12-14 16:26:28.803038,AI misuse,0,google_trends_2025-12-14.csv
2025-12-14 16:26:28.803082,AI safety,0,google_trends_2025-12-14.csv
2025-12-14 16:26:28.803084,AI regulation,0,google_trends_2025-12-14.csv
2025-12-14 16:26:28.803086,AI bias,0,google_trends_2025-12-14.csv
2025-12-14 16:26:28.803087,AI misuse,0,google_trends_2025-12-14.csv
2025-12-14 16:26:28.803131,AI safety,0,google_trends_2025-12-14.csv
2025-12-14 16:26:28.803134,AI regulation,0,google_trends_2025-12-14.csv
2025-12-14 16:26:28.803135,AI bias,0,google_trends_2025-12-14.csv
2025-12-14 16:26:28.803137,AI misuse,0,google_trends_2025-12-14.csv
2025-12-14 16:26:28.803201,AI safety,0,google_trends_2025-12-14.csv
2025-12-14 16:26:28.803204,AI regulation,0,google_trends_2025-12-14.csv
2025-12-14 16:26:28.803206,AI bias,0,google_trends_2025-12-14.csv
2025-12-14 16:26:28.803208,AI misuse,0,google_trends_2025-12-14.csv
2025-12-14 16:26:28.803259,AI safety,0,google_trends_2025-12-14.csv
2025-12-14 16:26:28.803262,AI regulation,0,google_trends_2025-12-14.csv
2025-12-14 16:26:28.803264,AI bias,0,google_trends_2025-12-14.csv
2025-12-14 16:26:28.803265,AI misuse,0,google_trends_2025-12-14.csv
2025-12-14 16:26:28.803310,AI safety,0,google_trends_2025-12-14.csv
2025-12-14 16:26:28.803313,AI regulation,0,google_trends_2025-12-14.csv
2025-12-14 16:26:28.803315,AI bias,0,google_trends_2025-12-14.csv
2025-12-14 16:26:28.803316,AI misuse,0,google_trends_2025-12-14.csv
2025-12-14 16:26:28.803360,AI safety,0,google_trends_2025-12-14.csv
2025-12-14 16:26:28.803362,AI regulation,0,google_trends_2025-12-14.csv
2025-12-14 16:26:28.803364,AI bias,0,google_trends_2025-12-14.csv
2025-12-14 16:26:28.803365,AI misuse,0,google_trends_2025-12-14.csv
2025-12-14 16:26:28.803408,AI safety,0,google_trends_2025-12-14.csv
2025-12-14 16:26:28.803411,AI regulation,0,google_trends_2025-12-14.csv
2025-12-14 16:26:28.803412,AI bias,0,google_trends_2025-12-14.csv
2025-12-14 16:26:28.803414,AI misuse,0,google_trends_2025-12-14.csv
2025-12-14 16:26:28.803457,AI safety,0,google_trends_2025-12-14.csv
2025-12-14 16:26:28.803459,AI regulation,0,google_trends_2025-12-14.csv
2025-12-14 16:26:28.803464,AI bias,0,google_trends_2025-12-14.csv
2025-12-14 16:26:28.803465,AI misuse,0,google_trends_2025-12-14.csv
2025-12-14 16:26:28.803510,AI safety,0,google_trends_2025-12-14.csv
2025-12-14 16:26:28.803513,AI regulation,0,google_trends_2025-12-14.csv
2025-12-14 16:26:28.803514,AI bias,0,google_trends_2025-12-14.csv
2025-12-14 16:26:28.803516,AI misuse,0,google_trends_2025-12-14.csv
2025-12-14 16:26:28.803567,AI safety,0,google_trends_2025-12-14.csv
2025-12-14 16:26:28.803569,AI regulation,0,google_trends_2025-12-14.csv
2025-12-14 16:26:28.803571,AI bias,0,google_trends_2025-12-14.csv
2025-12-14 16:26:28.803572,AI misuse,0,google_trends_2025-12-14.csv
2025-12-14 16:26:28.803617,AI safety,0,google_trends_2025-12-14.csv
2025-12-14 16:26:28.803620,AI regulation,0,google_trends_2025-12-14.csv
2025-12-14 16:26:28.803621,AI bias,0,google_trends_2025-12-14.csv
2025-12-14 16:26:28.803623,AI misuse,0,google_trends_2025-12-14.csv
2025-12-14 16:26:28.803666,AI safety,0,google_trends_2025-12-14.csv
2025-12-14 16:26:28.803669,AI regulation,0,google_trends_2025-12-14.csv
2025-12-14 16:26:28.803671,AI bias,0,google_trends_2025-12-14.csv
2025-12-14 16:26:28.803673,AI misuse,0,google_trends_2025-12-14.csv
2025-12-14 16:26:28.803721,AI safety,0,google_trends_2025-12-14.csv
2025-12-14 16:26:28.803724,AI regulation,0,google_trends_2025-12-14.csv
2025-12-14 16:26:28.803725,AI bias,0,google_trends_2025-12-14.csv
2025-12-14 16:26:28.803727,AI misuse,0,google_trends_2025-12-14.csv
2025-12-14 16:26:28.803771,AI safety,0,google_trends_2025-12-14.csv
2025-12-14 16:26:28.803774,AI regulation,0,google_trends_2025-12-14.csv
2025-12-14 16:26:28.803775,AI bias,0,google_trends_2025-12-14.csv
2025-12-14 16:26:28.803777,AI misuse,0,google_trends_2025-12-14.csv
2025-12-14 16:26:28.803820,AI safety,0,google_trends_2025-12-14.csv
2025-12-14 16:26:28.803822,AI regulation,0,google_trends_2025-12-14.csv
2025-12-14 16:26:28.803824,AI bias,0,google_trends_2025-12-14.csv
2025-12-14 16:26:28.803829,AI misuse,0,google_trends_2025-12-14.csv
2025-12-14 16:26:28.803873,AI safety,0,google_trends_2025-12-14.csv
2025-12-14 16:26:28.803876,AI regulation,0,google_trends_2025-12-14.csv
2025-12-14 16:26:28.803878,AI bias,0,google_trends_2025-12-14.csv
2025-12-14 16:26:28.803879,AI misuse,0,google_trends_2025-12-14.csv
2025-12-14 16:26:28.803923,AI safety,0,google_trends_2025-12-14.csv
2025-12-14 16:26:28.803925,AI regulation,0,google_trends_2025-12-14.csv
2025-12-14 16:26:28.803927,AI bias,0,google_trends_2025-12-14.csv
2025-12-14 16:26:28.803928,AI misuse,0,google_trends_2025-12-14.csv
2025-12-14 16:26:28.803972,AI safety,0,google_trends_2025-12-14.csv
2025-12-14 16:26:28.803974,AI regulation,0,google_trends_2025-12-14.csv
2025-12-14 16:26:28.803976,AI bias,0,google_trends_2025-12-14.csv
2025-12-14 16:26:28.803977,AI misuse,0,google_trends_2025-12-14.csv
2025-12-14 16:26:28.804020,AI safety,0,google_trends_2025-12-14.csv
2025-12-14 16:26:28.804022,AI regulation,0,google_trends_2025-12-14.csv
2025-12-14 16:26:28.804024,AI bias,0,google_trends_2025-12-14.csv
2025-12-14 16:26:28.804026,AI misuse,0,google_trends_2025-12-14.csv
2025-12-14 16:26:28.804068,AI safety,0,google_trends_2025-12-14.csv
2025-12-14 16:26:28.804071,AI regulation,0,google_trends_2025-12-14.csv
2025-12-14 16:26:28.804072,AI bias,0,google_trends_2025-12-14.csv
2025-12-14 16:26:28.804074,AI misuse,0,google_trends_2025-12-14.csv
2025-12-14 16:26:28.804125,AI safety,0,google_trends_2025-12-14.csv
2025-12-14 16:26:28.804127,AI regulation,0,google_trends_2025-12-14.csv
2025-12-14 16:26:28.804129,AI bias,0,google_trends_2025-12-14.csv
2025-12-14 16:26:28.804131,AI misuse,0,google_trends_2025-12-14.csv
2025-12-14 16:26:28.804193,AI safety,0,google_trends_2025-12-14.csv
2025-12-14 16:26:28.804195,AI regulation,0,google_trends_2025-12-14.csv
2025-12-14 16:26:28.804197,AI bias,0,google_trends_2025-12-14.csv
2025-12-14 16:26:28.804199,AI misuse,0,google_trends_2025-12-14.csv
2025-12-14 16:26:28.804245,AI safety,0,google_trends_2025-12-14.csv
2025-12-14 16:26:28.804247,AI regulation,0,google_trends_2025-12-14.csv
2025-12-14 16:26:28.804249,AI bias,0,google_trends_2025-12-14.csv
2025-12-14 16:26:28.804250,AI misuse,0,google_trends_2025-12-14.csv
2025-12-14 16:26:28.804294,AI safety,0,google_trends_2025-12-14.csv
2025-12-14 16:26:28.804297,AI regulation,0,google_trends_2025-12-14.csv
2025-12-14 16:26:28.804299,AI bias,0,google_trends_2025-12-14.csv
2025-12-14 16:26:28.804300,AI misuse,0,google_trends_2025-12-14.csv
2025-12-14 16:26:28.804344,AI safety,0,google_trends_2025-12-14.csv
2025-12-14 16:26:28.804346,AI regulation,0,google_trends_2025-12-14.csv
2025-12-14 16:26:28.804348,AI bias,0,google_trends_2025-12-14.csv
2025-12-14 16:26:28.804349,AI misuse,0,google_trends_2025-12-14.csv
2025-12-14 16:26:28.804392,AI safety,0,google_trends_2025-12-14.csv
2025-12-14 16:26:28.804395,AI regulation,0,google_trends_2025-12-14.csv
2025-12-14 16:26:28.804396,AI bias,0,google_trends_2025-12-14.csv
2025-12-14 16:26:28.804398,AI misuse,0,google_trends_2025-12-14.csv
2025-12-14 16:26:28.804446,AI safety,0,google_trends_2025-12-14.csv
2025-12-14 16:26:28.804449,AI regulation,0,google_trends_2025-12-14.csv
2025-12-14 16:26:28.804451,AI bias,0,google_trends_2025-12-14.csv
2025-12-14 16:26:28.804452,AI misuse,0,google_trends_2025-12-14.csv
2025-12-14 16:26:28.804495,AI safety,0,google_trends_2025-12-14.csv
2025-12-14 16:26:28.804498,AI regulation,0,google_trends_2025-12-14.csv
2025-12-14 16:26:28.804500,AI bias,0,google_trends_2025-12-14.csv
2025-12-14 16:26:28.804501,AI misuse,0,google_trends_2025-12-14.csv
2025-12-14 16:26:28.804549,AI safety,0,google_trends_2025-12-14.csv
2025-12-14 16:26:28.804552,AI regulation,0,google_trends_2025-12-14.csv
2025-12-14 16:26:28.804554,AI bias,0,google_trends_2025-12-14.csv
2025-12-14 16:26:28.804555,AI misuse,0,google_trends_2025-12-14.csv
2025-12-14 16:26:28.804599,AI safety,0,google_trends_2025-12-14.csv
2025-12-14 16:26:28.804601,AI regulation,0,google_trends_2025-12-14.csv
2025-12-14 16:26:28.804603,AI bias,0,google_trends_2025-12-14.csv
2025-12-14 16:26:28.804604,AI misuse,0,google_trends_2025-12-14.csv
2025-12-14 16:26:28.804648,AI safety,0,google_trends_2025-12-14.csv
2025-12-14 16:26:28.804650,AI regulation,0,google_trends_2025-12-14.csv
2025-12-14 16:26:28.804652,AI bias,0,google_trends_2025-12-14.csv
2025-12-14 16:26:28.804653,AI misuse,0,google_trends_2025-12-14.csv
2025-12-14 16:26:28.804701,AI safety,0,google_trends_2025-12-14.csv
2025-12-14 16:26:28.804703,AI regulation,0,google_trends_2025-12-14.csv
2025-12-14 16:26:28.804705,AI bias,0,google_trends_2025-12-14.csv
2025-12-14 16:26:28.804706,AI misuse,0,google_trends_2025-12-14.csv
2025-12-14 16:26:28.804754,AI safety,0,google_trends_2025-12-14.csv
2025-12-14 16:26:28.804757,AI regulation,0,google_trends_2025-12-14.csv
2025-12-14 16:26:28.804759,AI bias,0,google_trends_2025-12-14.csv
2025-12-14 16:26:28.804760,AI misuse,0,google_trends_2025-12-14.csv
2025-12-14 16:26:28.804808,AI safety,0,google_trends_2025-12-14.csv
2025-12-14 16:26:28.804811,AI regulation,0,google_trends_2025-12-14.csv
2025-12-14 16:26:28.804812,AI bias,0,google_trends_2025-12-14.csv
2025-12-14 16:26:28.804814,AI misuse,0,google_trends_2025-12-14.csv
2025-12-14 16:26:28.804858,AI safety,0,google_trends_2025-12-14.csv
2025-12-14 16:26:28.804861,AI regulation,0,google_trends_2025-12-14.csv
2025-12-14 16:26:28.804863,AI bias,0,google_trends_2025-12-14.csv
2025-12-14 16:26:28.804864,AI misuse,0,google_trends_2025-12-14.csv
2025-12-14 16:26:28.804908,AI safety,0,google_trends_2025-12-14.csv
2025-12-14 16:26:28.804910,AI regulation,0,google_trends_2025-12-14.csv
2025-12-14 16:26:28.804912,AI bias,0,google_trends_2025-12-14.csv
2025-12-14 16:26:28.804914,AI misuse,0,google_trends_2025-12-14.csv
2025-12-14 16:26:28.804957,AI safety,0,google_trends_2025-12-14.csv
2025-12-14 16:26:28.804959,AI regulation,0,google_trends_2025-12-14.csv
2025-12-14 16:26:28.804960,AI bias,0,google_trends_2025-12-14.csv
2025-12-14 16:26:28.804962,AI misuse,0,google_trends_2025-12-14.csv
2025-12-14 16:26:28.805005,AI safety,0,google_trends_2025-12-14.csv
2025-12-14 16:26:28.805008,AI regulation,0,google_trends_2025-12-14.csv
2025-12-14 16:26:28.805009,AI bias,0,google_trends_2025-12-14.csv
2025-12-14 16:26:28.805014,AI misuse,0,google_trends_2025-12-14.csv
2025-12-14 16:26:28.805059,AI safety,0,google_trends_2025-12-14.csv
2025-12-14 16:26:28.805061,AI regulation,0,google_trends_2025-12-14.csv
2025-12-14 16:26:28.805063,AI bias,0,google_trends_2025-12-14.csv
2025-12-14 16:26:28.805064,AI misuse,0,google_trends_2025-12-14.csv
2025-12-14 16:26:28.805108,AI safety,0,google_trends_2025-12-14.csv
2025-12-14 16:26:28.805110,AI regulation,0,google_trends_2025-12-14.csv
2025-12-14 16:26:28.805112,AI bias,0,google_trends_2025-12-14.csv
2025-12-14 16:26:28.805113,AI misuse,0,google_trends_2025-12-14.csv
2025-12-14 16:26:28.805171,AI safety,0,google_trends_2025-12-14.csv
2025-12-14 16:26:28.805174,AI regulation,0,google_trends_2025-12-14.csv
2025-12-14 16:26:28.805176,AI bias,0,google_trends_2025-12-14.csv
2025-12-14 16:26:28.805177,AI misuse,0,google_trends_2025-12-14.csv
2025-12-14 16:26:28.805224,AI safety,0,google_trends_2025-12-14.csv
2025-12-14 16:26:28.805226,AI regulation,0,google_trends_2025-12-14.csv
2025-12-14 16:26:28.805228,AI bias,0,google_trends_2025-12-14.csv
2025-12-14 16:26:28.805230,AI misuse,0,google_trends_2025-12-14.csv
2025-12-14 16:26:28.805272,AI safety,0,google_trends_2025-12-14.csv
2025-12-14 16:26:28.805275,AI regulation,0,google_trends_2025-12-14.csv
2025-12-14 16:26:28.805276,AI bias,0,google_trends_2025-12-14.csv
2025-12-14 16:26:28.805278,AI misuse,0,google_trends_2025-12-14.csv
2025-12-14 16:26:28.805326,AI safety,0,google_trends_2025-12-14.csv
2025-12-14 16:26:28.805329,AI regulation,0,google_trends_2025-12-14.csv
2025-12-14 16:26:28.805330,AI bias,0,google_trends_2025-12-14.csv
2025-12-14 16:26:28.805332,AI misuse,0,google_trends_2025-12-14.csv
2025-12-14 16:26:28.805379,AI safety,0,google_trends_2025-12-14.csv
2025-12-14 16:26:28.805382,AI regulation,0,google_trends_2025-12-14.csv
2025-12-14 16:26:28.805383,AI bias,0,google_trends_2025-12-14.csv
2025-12-14 16:26:28.805385,AI misuse,0,google_trends_2025-12-14.csv
2025-12-14 16:26:28.805428,AI safety,0,google_trends_2025-12-14.csv
2025-12-14 16:26:28.805431,AI regulation,0,google_trends_2025-12-14.csv
2025-12-14 16:26:28.805433,AI bias,0,google_trends_2025-12-14.csv
2025-12-14 16:26:28.805434,AI misuse,0,google_trends_2025-12-14.csv
2025-12-14 16:26:28.805485,AI safety,0,google_trends_2025-12-14.csv
2025-12-14 16:26:28.805488,AI regulation,0,google_trends_2025-12-14.csv
2025-12-14 16:26:28.805490,AI bias,0,google_trends_2025-12-14.csv
2025-12-14 16:26:28.805491,AI misuse,0,google_trends_2025-12-14.csv
2025-12-14 16:26:28.805536,AI safety,0,google_trends_2025-12-14.csv
2025-12-14 16:26:28.805538,AI regulation,0,google_trends_2025-12-14.csv
2025-12-14 16:26:28.805540,AI bias,0,google_trends_2025-12-14.csv
2025-12-14 16:26:28.805542,AI misuse,0,google_trends_2025-12-14.csv
2025-12-14 16:26:28.805584,AI safety,0,google_trends_2025-12-14.csv
2025-12-14 16:26:28.805587,AI regulation,0,google_trends_2025-12-14.csv
2025-12-14 16:26:28.805588,AI bias,0,google_trends_2025-12-14.csv
2025-12-14 16:26:28.805590,AI misuse,0,google_trends_2025-12-14.csv
2025-12-14 16:26:28.805637,AI safety,0,google_trends_2025-12-14.csv
2025-12-14 16:26:28.805640,AI regulation,0,google_trends_2025-12-14.csv
2025-12-14 16:26:28.805641,AI bias,0,google_trends_2025-12-14.csv
2025-12-14 16:26:28.805643,AI misuse,0,google_trends_2025-12-14.csv
2025-12-14 16:26:28.805686,AI safety,0,google_trends_2025-12-14.csv
2025-12-14 16:26:28.805688,AI regulation,0,google_trends_2025-12-14.csv
2025-12-14 16:26:28.805690,AI bias,0,google_trends_2025-12-14.csv
2025-12-14 16:26:28.805691,AI misuse,0,google_trends_2025-12-14.csv
2025-12-14 16:26:28.805745,AI safety,0,google_trends_2025-12-14.csv
2025-12-14 16:26:28.805747,AI regulation,0,google_trends_2025-12-14.csv
2025-12-14 16:26:28.805749,AI bias,0,google_trends_2025-12-14.csv
2025-12-14 16:26:28.805750,AI misuse,0,google_trends_2025-12-14.csv
2025-12-14 16:26:28.805798,AI safety,0,google_trends_2025-12-14.csv
2025-12-14 16:26:28.805801,AI regulation,0,google_trends_2025-12-14.csv
2025-12-14 16:26:28.805803,AI bias,0,google_trends_2025-12-14.csv
2025-12-14 16:26:28.805804,AI misuse,0,google_trends_2025-12-14.csv
2025-12-14 16:26:28.805848,AI safety,0,google_trends_2025-12-14.csv
2025-12-14 16:26:28.805851,AI regulation,0,google_trends_2025-12-14.csv
2025-12-14 16:26:28.805852,AI bias,0,google_trends_2025-12-14.csv
2025-12-14 16:26:28.805854,AI misuse,0,google_trends_2025-12-14.csv
2025-12-14 16:26:28.805897,AI safety,0,google_trends_2025-12-14.csv
2025-12-14 16:26:28.805899,AI regulation,0,google_trends_2025-12-14.csv
2025-12-14 16:26:28.805901,AI bias,0,google_trends_2025-12-14.csv
2025-12-14 16:26:28.805902,AI misuse,0,google_trends_2025-12-14.csv
2025-12-14 16:26:28.805950,AI safety,0,google_trends_2025-12-14.csv
2025-12-14 16:26:28.805952,AI regulation,0,google_trends_2025-12-14.csv
2025-12-14 16:26:28.805954,AI bias,0,google_trends_2025-12-14.csv
2025-12-14 16:26:28.805956,AI misuse,0,google_trends_2025-12-14.csv
2025-12-14 16:26:28.805999,AI safety,0,google_trends_2025-12-14.csv
2025-12-14 16:26:28.806001,AI regulation,0,google_trends_2025-12-14.csv
2025-12-14 16:26:28.806003,AI bias,0,google_trends_2025-12-14.csv
2025-12-14 16:26:28.806005,AI misuse,0,google_trends_2025-12-14.csv
2025-12-14 16:26:28.806047,AI safety,0,google_trends_2025-12-14.csv
2025-12-14 16:26:28.806049,AI regulation,0,google_trends_2025-12-14.csv
2025-12-14 16:26:28.806051,AI bias,0,google_trends_2025-12-14.csv
2025-12-14 16:26:28.806053,AI misuse,0,google_trends_2025-12-14.csv
2025-12-14 16:26:28.806095,AI safety,0,google_trends_2025-12-14.csv
2025-12-14 16:26:28.806097,AI regulation,0,google_trends_2025-12-14.csv
2025-12-14 16:26:28.806102,AI bias,0,google_trends_2025-12-14.csv
2025-12-14 16:26:28.806104,AI misuse,0,google_trends_2025-12-14.csv
2025-12-14 16:26:28.806162,AI safety,0,google_trends_2025-12-14.csv
2025-12-14 16:26:28.806165,AI regulation,0,google_trends_2025-12-14.csv
2025-12-14 16:26:28.806166,AI bias,0,google_trends_2025-12-14.csv
2025-12-14 16:26:28.806168,AI misuse,0,google_trends_2025-12-14.csv
2025-12-14 16:26:28.806221,AI safety,0,google_trends_2025-12-14.csv
2025-12-14 16:26:28.806224,AI regulation,0,google_trends_2025-12-14.csv
2025-12-14 16:26:28.806225,AI bias,0,google_trends_2025-12-14.csv
2025-12-14 16:26:28.806227,AI misuse,0,google_trends_2025-12-14.csv
2025-12-14 16:26:28.806277,AI safety,0,google_trends_2025-12-14.csv
2025-12-14 16:26:28.806280,AI regulation,0,google_trends_2025-12-14.csv
2025-12-14 16:26:28.806282,AI bias,0,google_trends_2025-12-14.csv
2025-12-14 16:26:28.806283,AI misuse,0,google_trends_2025-12-14.csv
2025-12-14 16:26:28.806327,AI safety,0,google_trends_2025-12-14.csv
2025-12-14 16:26:28.806330,AI regulation,0,google_trends_2025-12-14.csv
2025-12-14 16:26:28.806331,AI bias,0,google_trends_2025-12-14.csv
2025-12-14 16:26:28.806333,AI misuse,0,google_trends_2025-12-14.csv
2025-12-14 16:26:28.806376,AI safety,0,google_trends_2025-12-14.csv
2025-12-14 16:26:28.806378,AI regulation,0,google_trends_2025-12-14.csv
2025-12-14 16:26:28.806380,AI bias,0,google_trends_2025-12-14.csv
2025-12-14 16:26:28.806381,AI misuse,0,google_trends_2025-12-14.csv
2025-12-14 16:26:28.806424,AI safety,0,google_trends_2025-12-14.csv
2025-12-14 16:26:28.806427,AI regulation,0,google_trends_2025-12-14.csv
2025-12-14 16:26:28.806428,AI bias,0,google_trends_2025-12-14.csv
2025-12-14 16:26:28.806430,AI misuse,0,google_trends_2025-12-14.csv
2025-12-14 16:26:28.806472,AI safety,0,google_trends_2025-12-14.csv
2025-12-14 16:26:28.806475,AI regulation,0,google_trends_2025-12-14.csv
2025-12-14 16:26:28.806477,AI bias,0,google_trends_2025-12-14.csv
2025-12-14 16:26:28.806478,AI misuse,0,google_trends_2025-12-14.csv
2025-12-14 16:26:28.806525,AI safety,0,google_trends_2025-12-14.csv
2025-12-14 16:26:28.806528,AI regulation,0,google_trends_2025-12-14.csv
2025-12-14 16:26:28.806530,AI bias,0,google_trends_2025-12-14.csv
2025-12-14 16:26:28.806531,AI misuse,0,google_trends_2025-12-14.csv
2025-12-14 16:26:28.806574,AI safety,0,google_trends_2025-12-14.csv
2025-12-14 16:26:28.806576,AI regulation,0,google_trends_2025-12-14.csv
2025-12-14 16:26:28.806578,AI bias,0,google_trends_2025-12-14.csv
2025-12-14 16:26:28.806579,AI misuse,0,google_trends_2025-12-14.csv
2025-12-14 16:26:28.806621,AI safety,0,google_trends_2025-12-14.csv
2025-12-14 16:26:28.806624,AI regulation,0,google_trends_2025-12-14.csv
2025-12-14 16:26:28.806625,AI bias,0,google_trends_2025-12-14.csv
2025-12-14 16:26:28.806627,AI misuse,0,google_trends_2025-12-14.csv
2025-12-14 16:26:28.806669,AI safety,0,google_trends_2025-12-14.csv
2025-12-14 16:26:28.806672,AI regulation,0,google_trends_2025-12-14.csv
2025-12-14 16:26:28.806673,AI bias,0,google_trends_2025-12-14.csv
2025-12-14 16:26:28.806675,AI misuse,0,google_trends_2025-12-14.csv
2025-12-14 16:26:28.806717,AI safety,0,google_trends_2025-12-14.csv
2025-12-14 16:26:28.806720,AI regulation,0,google_trends_2025-12-14.csv
2025-12-14 16:26:28.806722,AI bias,0,google_trends_2025-12-14.csv
2025-12-14 16:26:28.806723,AI misuse,0,google_trends_2025-12-14.csv
2025-12-14 16:26:28.806770,AI safety,0,google_trends_2025-12-14.csv
2025-12-14 16:26:28.806773,AI regulation,0,google_trends_2025-12-14.csv
2025-12-14 16:26:28.806775,AI bias,0,google_trends_2025-12-14.csv
2025-12-14 16:26:28.806776,AI misuse,0,google_trends_2025-12-14.csv
2025-12-14 16:26:28.806823,AI safety,0,google_trends_2025-12-14.csv
2025-12-14 16:26:28.806826,AI regulation,0,google_trends_2025-12-14.csv
2025-12-14 16:26:28.806827,AI bias,0,google_trends_2025-12-14.csv
2025-12-14 16:26:28.806829,AI misuse,0,google_trends_2025-12-14.csv
2025-12-14 16:26:28.806877,AI safety,0,google_trends_2025-12-14.csv
2025-12-14 16:26:28.806879,AI regulation,0,google_trends_2025-12-14.csv
2025-12-14 16:26:28.806881,AI bias,0,google_trends_2025-12-14.csv
2025-12-14 16:26:28.806882,AI misuse,0,google_trends_2025-12-14.csv
2025-12-14 16:26:28.806926,AI safety,0,google_trends_2025-12-14.csv
2025-12-14 16:26:28.806929,AI regulation,0,google_trends_2025-12-14.csv
2025-12-14 16:26:28.806930,AI bias,0,google_trends_2025-12-14.csv
2025-12-14 16:26:28.806932,AI misuse,0,google_trends_2025-12-14.csv
2025-12-14 16:26:28.806974,AI safety,0,google_trends_2025-12-14.csv
2025-12-14 16:26:28.806977,AI regulation,0,google_trends_2025-12-14.csv
2025-12-14 16:26:28.806979,AI bias,0,google_trends_2025-12-14.csv
2025-12-14 16:26:28.806980,AI misuse,0,google_trends_2025-12-14.csv
2025-12-14 16:26:28.807027,AI safety,0,google_trends_2025-12-14.csv
2025-12-14 16:26:28.807029,AI regulation,0,google_trends_2025-12-14.csv
2025-12-14 16:26:28.807031,AI bias,0,google_trends_2025-12-14.csv
2025-12-14 16:26:28.807033,AI misuse,0,google_trends_2025-12-14.csv
2025-12-14 16:26:28.807076,AI safety,0,google_trends_2025-12-14.csv
2025-12-14 16:26:28.807078,AI regulation,0,google_trends_2025-12-14.csv
2025-12-14 16:26:28.807080,AI bias,0,google_trends_2025-12-14.csv
2025-12-14 16:26:28.807081,AI misuse,0,google_trends_2025-12-14.csv
2025-12-14 16:26:28.807129,AI safety,0,google_trends_2025-12-14.csv
2025-12-14 16:26:28.807132,AI regulation,0,google_trends_2025-12-14.csv
2025-12-14 16:26:28.807133,AI bias,0,google_trends_2025-12-14.csv
2025-12-14 16:26:28.807135,AI misuse,0,google_trends_2025-12-14.csv
2025-12-14 16:26:28.807197,AI safety,0,google_trends_2025-12-14.csv
2025-12-14 16:26:28.807200,AI regulation,0,google_trends_2025-12-14.csv
2025-12-14 16:26:28.807201,AI bias,0,google_trends_2025-12-14.csv
2025-12-14 16:26:28.807203,AI misuse,0,google_trends_2025-12-14.csv
2025-12-14 16:26:28.807247,AI safety,0,google_trends_2025-12-14.csv
2025-12-14 16:26:28.807250,AI regulation,0,google_trends_2025-12-14.csv
2025-12-14 16:26:28.807252,AI bias,0,google_trends_2025-12-14.csv
2025-12-14 16:26:28.807254,AI misuse,0,google_trends_2025-12-14.csv
2025-12-14 16:26:28.807299,AI safety,0,google_trends_2025-12-14.csv
2025-12-14 16:26:28.807302,AI regulation,0,google_trends_2025-12-14.csv
2025-12-14 16:26:28.807304,AI bias,0,google_trends_2025-12-14.csv
2025-12-14 16:26:28.807306,AI misuse,0,google_trends_2025-12-14.csv
2025-12-14 16:26:28.807350,AI safety,0,google_trends_2025-12-14.csv
2025-12-14 16:26:28.807352,AI regulation,0,google_trends_2025-12-14.csv
2025-12-14 16:26:28.807354,AI bias,0,google_trends_2025-12-14.csv
2025-12-14 16:26:28.807356,AI misuse,0,google_trends_2025-12-14.csv
2025-12-14 16:26:28.807399,AI safety,0,google_trends_2025-12-14.csv
2025-12-14 16:26:28.807402,AI regulation,0,google_trends_2025-12-14.csv
2025-12-14 16:26:28.807403,AI bias,0,google_trends_2025-12-14.csv
2025-12-14 16:26:28.807408,AI misuse,0,google_trends_2025-12-14.csv
2025-12-14 16:26:28.807457,AI safety,0,google_trends_2025-12-14.csv
2025-12-14 16:26:28.807460,AI regulation,0,google_trends_2025-12-14.csv
2025-12-14 16:26:28.807462,AI bias,0,google_trends_2025-12-14.csv
2025-12-14 16:26:28.807463,AI misuse,0,google_trends_2025-12-14.csv
2025-12-14 16:26:28.807508,AI safety,0,google_trends_2025-12-14.csv
2025-12-14 16:26:28.807511,AI regulation,0,google_trends_2025-12-14.csv
2025-12-14 16:26:28.807512,AI bias,0,google_trends_2025-12-14.csv
2025-12-14 16:26:28.807514,AI misuse,0,google_trends_2025-12-14.csv
2025-12-14 16:26:28.807557,AI safety,0,google_trends_2025-12-14.csv
2025-12-14 16:26:28.807560,AI regulation,0,google_trends_2025-12-14.csv
2025-12-14 16:26:28.807561,AI bias,0,google_trends_2025-12-14.csv
2025-12-14 16:26:28.807563,AI misuse,0,google_trends_2025-12-14.csv
2025-12-14 16:26:28.807606,AI safety,0,google_trends_2025-12-14.csv
2025-12-14 16:26:28.807609,AI regulation,0,google_trends_2025-12-14.csv
2025-12-14 16:26:28.807611,AI bias,0,google_trends_2025-12-14.csv
2025-12-14 16:26:28.807613,AI misuse,0,google_trends_2025-12-14.csv
2025-12-14 16:26:28.807657,AI safety,0,google_trends_2025-12-14.csv
2025-12-14 16:26:28.807660,AI regulation,0,google_trends_2025-12-14.csv
2025-12-14 16:26:28.807662,AI bias,0,google_trends_2025-12-14.csv
2025-12-14 16:26:28.807663,AI misuse,0,google_trends_2025-12-14.csv
